{
    "step": 15,
    "eval": {
        "loss": 0.7166584134101868,
        "accuracy": 0.7,
        "runtime": 0.0312,
        "samples_per_second": 320.242,
        "steps_per_second": 32.024
    },
    "epoch": 15.0,
    "train": {
        "runtime": 29.6771,
        "samples_per_second": 44.479,
        "steps_per_second": 5.56,
        "loss": 0.5901219223484848
    }
}