{
    "step": 8,
    "eval": {
        "loss": 0.9101914167404175,
        "accuracy": 0.6,
        "runtime": 0.1126,
        "samples_per_second": 88.847,
        "steps_per_second": 8.885
    },
    "epoch": 8.0,
    "train": {
        "runtime": 27.4224,
        "samples_per_second": 25.672,
        "steps_per_second": 3.209,
        "loss": 0.9281454086303711
    }
}